{
    "dec_bin_edges": [
        -90.0,
        -63.474647983390305,
        -52.13635363826961,
        -43.17355110725892,
        -35.376540151941605,
        -28.273713631365037,
        -21.618272422158142,
        -15.257523290456376,
        -9.084720287391086,
        -3.016961309815996,
        3.016961309815996,
        9.084720287391074,
        15.257523290456376,
        21.618272422158142,
        28.273713631365037,
        35.37654015194162,
        43.17355110725892,
        52.13635363826963,
        63.474647983390305,
        90.0
    ],
    "relative_eff_areas": [
        0.03435829710045624,
        0.04203111484586536,
        0.04510586248857995,
        0.04580231093370555,
        0.0662617449077107,
        0.0751872054347005,
        0.10659673841568697,
        0.13351246600606448,
        0.24774479207373365,
        0.18524278914521314,
        0.012201395813470323,
        0.005699688824432405,
        0.00011551959066824938,
        9.860353926131455e-05,
        2.3924448312581344e-06,
        1.2786519168308925e-06,
        1.189336002716185e-07,
        3.763838898789038e-05,
        4.2461114840880837e-08
    ]
}