{
    "dec_bin_edges": [
        -90.0,
        -63.474647983390305,
        -52.13635363826961,
        -43.17355110725892,
        -35.376540151941605,
        -28.273713631365037,
        -21.618272422158142,
        -15.257523290456376,
        -9.084720287391086,
        -3.016961309815996,
        3.016961309815996,
        9.084720287391074,
        15.257523290456376,
        21.618272422158142,
        28.273713631365037,
        35.37654015194162,
        43.17355110725892,
        52.13635363826963,
        63.474647983390305,
        90.0
    ],
    "relative_eff_areas": [
        0.004496251675004883,
        0.004700626751133781,
        0.010014378730697866,
        0.04905001827280868,
        0.15225943172176673,
        0.18536819405537447,
        0.17617131562937968,
        0.1802588171520229,
        0.13877067669673882,
        0.07900622392946312,
        0.017325361385162948,
        0.0019639344759015674,
        0.0003734250246723181,
        0.00011515704581764023,
        6.318637087994197e-05,
        3.6594077396800254e-05,
        2.0050487339470587e-05,
        6.356518438603186e-06,
        0.0
    ]
}