{
    "dec_bin_edges": [
        -90.0,
        -63.474647983390305,
        -52.13635363826961,
        -43.17355110725892,
        -35.376540151941605,
        -28.273713631365037,
        -21.618272422158142,
        -15.257523290456376,
        -9.084720287391086,
        -3.016961309815996,
        3.016961309815996,
        9.084720287391074,
        15.257523290456376,
        21.618272422158142,
        28.273713631365037,
        35.37654015194162,
        43.17355110725892,
        52.13635363826963,
        63.474647983390305,
        90.0
    ],
    "relative_eff_areas": [
        4.123544199861431e-06,
        1.742265694622243e-05,
        4.036966441441287e-05,
        9.839412286087242e-05,
        0.00037548968957423095,
        0.0027998378619790644,
        0.012921384064770376,
        0.030940230537469235,
        0.049416505590594115,
        0.06823897849407022,
        0.09005707348576807,
        0.11291097409178706,
        0.13122412312984286,
        0.13677918001679903,
        0.1237708341182817,
        0.10627017829944187,
        0.08034498375681874,
        0.04293377419685573,
        0.010856142677526286
    ]
}